# z, z_err, H, H_err
0.001220,0.000840,73.612823,0.490670
0.001220,0.000840,73.400167,0.784574
0.002560,0.000840,73.597874,0.276808
0.002560,0.000840,73.625807,0.148965
0.002990,0.000840,73.632057,0.106268
0.003170,0.000840,73.475838,0.310265
0.003310,0.000850,73.549621,0.401676
0.003310,0.000850,73.776935,0.125481
0.003310,0.000850,73.571346,0.142803
0.003310,0.000850,73.653022,0.364270
0.003330,0.000840,73.520350,0.112937
0.003490,0.000840,73.529495,0.158056
0.003490,0.000840,73.501955,0.246452
0.003590,0.000840,73.517795,0.121826
0.003840,0.000840,73.650907,0.161180
0.004070,0.000840,73.685160,0.144550
0.004070,0.000840,73.449815,0.206076
0.004320,0.000840,73.650595,0.127156
0.004320,0.000840,73.502962,0.179617
0.004650,0.000840,73.574657,0.256391
0.004650,0.000840,73.700542,0.105288
0.004820,0.000840,73.522485,0.222201
0.004830,0.000850,73.540909,0.115211
0.004830,0.000850,73.635483,0.146061
0.004830,0.000850,73.533949,0.250939
0.004830,0.000850,73.547089,0.107169
0.004830,0.000850,73.556061,0.110720
0.004880,0.000840,73.645158,0.156900
0.004880,0.000840,73.663886,0.157527
0.005380,0.000840,73.705438,0.187289
0.005480,0.000850,73.629611,0.125427
0.005700,0.000840,73.597208,0.110344
0.005700,0.000840,73.559749,0.170012
0.005710,0.000840,73.561633,0.147904
0.005710,0.000840,73.648954,0.135920
0.005870,0.000840,73.616477,0.106128
0.005880,0.000840,73.552885,0.125578
0.005920,0.000840,73.696561,0.151147
0.006020,0.000850,73.617665,0.183576
0.006020,0.000850,73.522520,0.193490
0.006020,0.000850,73.719917,0.108447
0.006160,0.000840,73.491956,0.105363
0.006160,0.000840,73.548173,0.118984
0.006250,0.000840,73.612790,0.117789
0.006250,0.000840,73.571400,0.181044
0.006250,0.000840,73.528364,0.199912
0.006250,0.000840,73.502291,0.148555
0.006300,0.000840,73.499332,0.108267
0.006300,0.000840,73.632796,0.125919
0.006300,0.000840,73.594092,0.110189
0.006310,0.000850,73.538196,0.116723
0.006340,0.000850,73.492452,0.177381
0.006480,0.000840,73.361899,0.135667
0.006480,0.000840,73.594380,0.150484
0.006650,0.000850,73.645834,0.105230
0.006680,0.000850,73.492744,0.109168
0.006730,0.000840,73.546360,0.155029
0.006760,0.000850,73.554381,0.133756
0.006770,0.000850,73.653729,0.105435
0.006770,0.000850,73.582791,0.105218
0.006770,0.000850,73.599926,0.111442
0.006920,0.000840,73.680359,0.105200
0.007100,0.000840,73.567098,0.120522
0.007100,0.000840,73.500717,0.135462
0.007100,0.000840,73.665828,0.134804
0.007190,0.000850,73.741821,0.131464
0.007190,0.000850,73.387576,0.112968
0.007470,0.000840,73.486070,0.154859
0.007470,0.000840,73.614495,0.109991
0.007470,0.000840,73.566797,0.105397
0.007500,0.000840,73.635747,0.105985
0.007500,0.000840,73.665389,0.152657
0.007950,0.000840,73.488374,0.202667
0.008140,0.000840,73.601910,0.134204
0.008140,0.000840,73.616969,0.150879
0.008140,0.000840,73.463555,0.136346
0.008150,0.000840,73.617433,0.108145
0.008150,0.000840,73.336992,0.215678
0.008150,0.000840,73.723876,0.107618
0.008170,0.000850,73.619803,0.110218
0.008180,0.000840,73.800439,0.150037
0.008210,0.000840,73.673858,0.124453
0.008380,0.000850,73.742115,0.153907
0.008380,0.000850,73.634736,0.148126
0.008550,0.000840,73.616280,0.140911
0.008550,0.000840,73.524478,0.141280
0.008570,0.000840,73.645674,0.111797
0.008610,0.000840,73.509101,0.120945
0.008630,0.000850,73.605280,0.108141
0.008630,0.000850,73.434734,0.158404
0.008630,0.000850,73.374152,0.108870
0.008640,0.000850,73.786143,0.126912
0.008830,0.000840,73.509855,0.134194
0.009060,0.000840,73.382391,0.129870
0.009060,0.000840,73.395837,0.177802
0.009250,0.000840,73.714606,0.109134
0.009250,0.000840,73.597967,0.128295
0.009250,0.000840,73.511081,0.134062
0.009350,0.000840,73.611331,0.110849
0.009540,0.000860,73.603479,0.109098
0.009540,0.000860,73.506908,0.124278
0.009540,0.000860,73.823574,0.131638
0.009540,0.000860,73.400854,0.121180
0.009570,0.000870,73.696186,0.129942
0.009570,0.000870,73.650106,0.135329
0.009660,0.000860,73.543774,0.105407
0.009660,0.000860,73.537717,0.106876
0.009930,0.000840,73.589447,0.105542
0.009960,0.000860,73.483133,0.106159
0.009960,0.000860,73.709826,0.113268
0.009960,0.000860,73.620384,0.135411
0.010160,0.000850,73.424017,0.118438
0.010170,0.000840,73.453306,0.106711
0.010170,0.000840,73.633270,0.119914
0.010260,0.000840,73.546762,0.106335
0.010260,0.000840,73.443583,0.117358
0.010280,0.000860,73.492957,0.108811
0.010420,0.000840,73.633884,0.109972
0.010440,0.000840,73.502964,0.120272
0.010610,0.000840,73.733827,0.117907
0.010610,0.000840,73.339289,0.118869
0.010730,0.000840,73.621195,0.124680
0.010790,0.000840,73.630065,0.106417
0.010790,0.000840,73.655136,0.143687
0.010960,0.000840,73.510354,0.115612
0.011140,0.000850,73.500285,0.115260
0.011140,0.000850,73.562485,0.125580
0.011220,0.000840,73.563481,0.124616
0.011220,0.000840,73.659562,0.124755
0.011220,0.000840,73.583900,0.107082
0.011550,0.000850,73.534405,0.125515
0.011950,0.000840,73.627635,0.129642
0.012130,0.000860,73.423869,0.112076
0.012200,0.000860,73.401861,0.105403
0.012330,0.000840,73.565503,0.114569
0.012460,0.000860,73.327081,0.127535
0.012580,0.000850,73.619236,0.126299
0.012580,0.000850,73.435791,0.108249
0.012590,0.000860,73.664071,0.105179
0.012590,0.000860,73.533295,0.110264
0.012790,0.000860,73.531350,0.105907
0.012830,0.000860,73.353583,0.141479
0.012830,0.000860,73.452047,0.123562
0.013030,0.000850,73.460823,0.106884
0.013030,0.000850,73.611176,0.105269
0.013040,0.000860,73.415635,0.105616
0.013040,0.000860,73.575574,0.134521
0.013120,0.000850,73.682545,0.106872
0.013120,0.000850,73.444125,0.105265
0.013250,0.000850,73.613402,0.120427
0.013250,0.000850,73.464610,0.132725
0.013250,0.000850,73.399831,0.120802
0.013750,0.000850,73.399148,0.116391
0.013750,0.000850,73.715832,0.114622
0.013750,0.000850,73.568746,0.113755
0.013760,0.000850,73.552814,0.124851
0.013860,0.000860,73.568533,0.105913
0.013880,0.000850,73.649229,0.105219
0.013890,0.000850,73.723920,0.108481
0.013890,0.000850,73.604750,0.118626
0.014110,0.000850,73.422836,0.132494
0.014240,0.000850,73.543855,0.122879
0.014420,0.000850,73.840143,0.105489
0.014420,0.000850,73.690385,0.105604
0.014420,0.000850,73.685245,0.105577
0.014420,0.000850,73.594092,0.115920
0.014420,0.000850,73.547174,0.127963
0.014460,0.000850,73.593206,0.111851
0.014500,0.000850,73.534158,0.105482
0.014530,0.000850,73.583344,0.121788
0.014600,0.000850,73.413329,0.105630
0.014620,0.000850,73.738693,0.106075
0.014630,0.000850,73.622307,0.115275
0.014630,0.000850,73.518614,0.107409
0.014670,0.000850,73.414496,0.126425
0.014720,0.000850,73.558829,0.122090
0.014840,0.000850,73.415846,0.112881
0.014920,0.000850,73.619861,0.108082
0.014930,0.000850,73.549963,0.105895
0.014990,0.000860,73.659340,0.111690
0.014990,0.000860,73.462540,0.109224
0.015150,0.000860,73.492778,0.110561
0.015190,0.000850,73.511908,0.116712
0.015250,0.000960,73.489829,0.145005
0.015290,0.000850,73.592398,0.106882
0.015420,0.001310,73.519871,0.107487
0.015430,0.000850,73.530077,0.108431
0.015460,0.000860,73.537623,0.112224
0.015490,0.000850,73.430787,0.106875
0.015500,0.000850,73.553826,0.125094
0.015500,0.000850,73.458782,0.106568
0.015500,0.000850,73.522824,0.115836
0.015500,0.000850,73.681973,0.108341
0.015570,0.001240,73.504651,0.141038
0.015570,0.001240,73.432242,0.105171
0.015620,0.000850,73.588917,0.105667
0.015620,0.000850,73.732303,0.118055
0.015650,0.000920,73.608253,0.108312
0.015760,0.000850,73.463485,0.108609
0.015780,0.000850,73.408584,0.120472
0.015780,0.000850,73.495760,0.118594
0.015810,0.000860,73.461658,0.120962
0.015810,0.000860,73.492757,0.107894
0.015870,0.000850,73.443414,0.110883
0.015880,0.000850,73.460118,0.114669
0.015900,0.000850,73.544254,0.106122
0.015900,0.000850,73.592015,0.106526
0.015900,0.000850,73.509202,0.114612
0.016030,0.000850,73.482572,0.136089
0.016520,0.000850,73.502467,0.105928
0.016520,0.000850,73.574534,0.112844
0.016560,0.000850,73.682160,0.112583
0.016570,0.000850,73.548226,0.109976
0.016620,0.000850,73.364007,0.120769
0.016660,0.000860,73.389958,0.132802
0.016710,0.000860,73.615166,0.110002
0.016780,0.000850,73.609861,0.105606
0.016820,0.000850,73.773590,0.112483
0.016820,0.000850,73.584642,0.105497
0.016820,0.000850,73.564116,0.111343
0.016900,0.000850,73.573330,0.108012
0.016900,0.000850,73.363069,0.105349
0.016920,0.000850,73.571626,0.123930
0.016980,0.000850,73.605547,0.107942
0.016990,0.000850,73.607584,0.107872
0.017050,0.000850,73.474943,0.105595
0.017180,0.000850,73.337011,0.105482
0.017180,0.000850,73.644787,0.125006
0.017200,0.000850,73.465068,0.108272
0.017300,0.000850,73.522786,0.108472
0.017300,0.000850,73.692279,0.106438
0.017330,0.000850,73.468934,0.108368
0.017330,0.000850,73.572748,0.117486
0.017340,0.000850,73.581233,0.105568
0.017370,0.000850,73.639578,0.110951
0.017370,0.000850,73.559107,0.106566
0.017430,0.000850,73.536041,0.110886
0.017470,0.000860,73.555275,0.116005
0.017470,0.000860,73.563671,0.105530
0.017520,0.000850,73.633889,0.109486
0.017760,0.000850,73.630124,0.114740
0.017780,0.000850,73.637062,0.113286
0.017780,0.000850,73.685713,0.116458
0.017840,0.000850,73.530978,0.107499
0.017840,0.000850,73.432995,0.106985
0.017900,0.000860,73.552057,0.108905
0.018020,0.000970,73.500343,0.105242
0.018080,0.000860,73.652927,0.105888
0.018260,0.000850,73.557849,0.105543
0.018260,0.000860,73.818621,0.116122
0.018390,0.000850,73.700848,0.105216
0.018550,0.000850,73.664899,0.112016
0.018550,0.000850,73.527863,0.106230
0.018650,0.000850,73.590045,0.126552
0.018650,0.000850,73.722943,0.105371
0.018660,0.000860,73.542233,0.109200
0.018750,0.000850,73.431108,0.108472
0.018750,0.000850,73.854219,0.112650
0.019050,0.000850,73.632672,0.108322
0.019470,0.000850,73.789914,0.105957
0.019470,0.000850,73.600075,0.106936
0.019750,0.000850,73.827676,0.112045
0.019750,0.000850,73.502805,0.114340
0.019760,0.000850,73.363462,0.108764
0.019950,0.000850,73.628233,0.108124
0.020010,0.000850,73.579261,0.105313
0.020060,0.000860,73.689936,0.112394
0.020190,0.000860,73.488156,0.108604
0.020190,0.000860,73.653624,0.108774
0.020230,0.000850,73.439913,0.121680
0.020230,0.000850,73.552547,0.105862
0.020230,0.000850,73.296560,0.107772
0.020230,0.000850,73.538713,0.114628
0.020240,0.000850,73.514548,0.106693
0.020340,0.000870,73.551763,0.106070
0.020340,0.000870,73.507121,0.105447
0.020350,0.000850,73.468668,0.110397
0.020350,0.000850,73.575216,0.107388
0.020350,0.000850,73.547091,0.109849
0.020440,0.000850,73.388831,0.110767
0.020490,0.000850,73.448731,0.105380
0.020520,0.000860,73.571490,0.105429
0.020560,0.000850,73.687703,0.105889
0.020560,0.000850,73.647371,0.108649
0.020810,0.000850,73.614110,0.109292
0.020820,0.000850,73.593711,0.105791
0.020820,0.000850,73.733217,0.107783
0.020900,0.000870,73.501711,0.105176
0.020960,0.000860,73.387793,0.114895
0.021060,0.000850,73.449206,0.111265
0.021160,0.000860,73.837932,0.105257
0.021160,0.000870,73.391363,0.108527
0.021180,0.000850,73.603774,0.105405
0.021180,0.000850,73.461257,0.107446
0.021310,0.000850,73.621032,0.107371
0.021310,0.000850,73.473226,0.105275
0.021310,0.000850,73.577646,0.108645
0.021340,0.000850,73.521839,0.105848
0.021370,0.000850,73.539630,0.107776
0.021510,0.000860,73.609107,0.113781
0.021530,0.000850,73.540055,0.111655
0.021700,0.000860,73.661589,0.106510
0.021830,0.000860,73.589851,0.107348
0.021830,0.000860,73.542102,0.107035
0.021970,0.000860,73.766080,0.107341
0.021980,0.000850,73.468432,0.105222
0.022030,0.000850,73.725898,0.105621
0.022050,0.000850,73.449767,0.110557
0.022070,0.000860,73.646617,0.105728
0.022150,0.000850,73.667442,0.106547
0.022190,0.000850,73.528708,0.106469
0.022280,0.000870,73.456343,0.108546
0.022280,0.000870,73.616414,0.114628
0.022310,0.000860,73.452936,0.112303
0.022340,0.000850,73.377148,0.105942
0.022340,0.000850,73.359284,0.105201
0.022360,0.000850,73.545910,0.105279
0.022390,0.000850,73.491775,0.105904
0.022390,0.000850,73.509132,0.107103
0.022400,0.000850,73.358521,0.105416
0.022400,0.000850,73.601066,0.109864
0.022410,0.000860,73.423644,0.107048
0.022550,0.000860,73.451395,0.106611
0.022660,0.000850,73.629059,0.105183
0.022700,0.000860,73.492360,0.110593
0.022730,0.000870,73.283068,0.111644
0.022950,0.000850,73.686325,0.106002
0.022950,0.000870,73.687199,0.105227
0.022980,0.000850,73.566563,0.112536
0.022980,0.000850,73.587535,0.106060
0.023030,0.000860,73.488213,0.111132
0.023070,0.000860,73.585469,0.109823
0.023130,0.000850,73.580086,0.106385
0.023160,0.000870,73.582893,0.112001
0.023210,0.000850,73.701171,0.105494
0.023250,0.000860,73.567870,0.105172
0.023310,0.000850,73.757290,0.106536
0.023310,0.000850,73.469464,0.105969
0.023420,0.000870,73.566590,0.106756
0.023420,0.000870,73.677597,0.105351
0.023420,0.000870,73.562061,0.108164
0.023430,0.000850,73.453063,0.105198
0.023430,0.000850,73.667968,0.106710
0.023440,0.000870,73.474573,0.105174
0.023520,0.000850,73.826672,0.106109
0.023540,0.000860,73.563808,0.113882
0.023570,0.000850,73.598106,0.106644
0.023570,0.000850,73.433987,0.105598
0.023570,0.000850,73.438883,0.115053
0.023650,0.000850,73.401204,0.106186
0.023690,0.000850,73.514065,0.108355
0.023880,0.000850,73.485865,0.108096
0.023900,0.000850,73.409222,0.105915
0.023900,0.000860,73.421863,0.107314
0.023910,0.000880,73.427740,0.105886
0.024010,0.000850,73.505899,0.106604
0.024110,0.000850,73.554185,0.110448
0.024110,0.000850,73.684248,0.105247
0.024120,0.000870,73.462470,0.112307
0.024170,0.000850,73.574986,0.105550
0.024170,0.000850,73.469878,0.109043
0.024280,0.000860,73.593314,0.105992
0.024290,0.000850,73.509239,0.107167
0.024320,0.000850,73.390687,0.107878
0.024320,0.000850,73.483445,0.105224
0.024320,0.001310,73.429091,0.113982
0.024340,0.000850,73.531359,0.110288
0.024530,0.000860,73.642774,0.107269
0.024530,0.000860,73.402100,0.111263
0.024530,0.000860,73.521635,0.114597
0.024570,0.000870,73.511141,0.108227
0.024620,0.001310,73.414105,0.114328
0.024620,0.001310,73.573821,0.113157
0.024620,0.001310,73.659793,0.108550
0.024640,0.000850,73.708427,0.107781
0.024640,0.000850,73.663874,0.109045
0.024660,0.000870,73.462699,0.105716
0.024910,0.000870,73.489067,0.107503
0.024940,0.000850,73.636157,0.105490
0.025090,0.000860,73.783776,0.105594
0.025100,0.000860,73.745211,0.106679
0.025100,0.000860,73.384353,0.108020
0.025100,0.000850,73.608800,0.111997
0.025100,0.000860,73.656986,0.106891
0.025120,0.000870,73.548413,0.114751
0.025130,0.000850,73.476087,0.109584
0.025170,0.000860,73.763794,0.105394
0.025170,0.000860,73.398877,0.105886
0.025170,0.000860,73.592933,0.120514
0.025190,0.000860,73.603738,0.105565
0.025190,0.000860,73.448623,0.108674
0.025210,0.000860,73.427838,0.105644
0.025250,0.000850,73.569623,0.110638
0.025250,0.000850,73.757359,0.110369
0.025340,0.000860,73.484020,0.105174
0.025340,0.000860,73.630217,0.105815
0.025560,0.000850,73.841656,0.105420
0.025570,0.000850,73.589795,0.108483
0.025850,0.000870,73.542901,0.108063
0.025910,0.000860,73.682894,0.106367
0.025960,0.000850,73.587672,0.107066
0.025980,0.000860,73.463906,0.105396
0.025980,0.000860,73.460699,0.105369
0.025980,0.000860,73.525500,0.105933
0.025980,0.000860,73.554419,0.106055
0.026260,0.000860,73.545962,0.120899
0.026260,0.000860,73.682382,0.105688
0.026320,0.000860,73.528668,0.107507
0.026690,0.000860,73.537238,0.107855
0.026910,0.000860,73.537698,0.108079
0.026910,0.000860,73.565315,0.107360
0.026950,0.000860,73.467856,0.108824
0.027130,0.000860,73.428381,0.105477
0.027140,0.000870,73.319724,0.110575
0.027300,0.000860,73.812312,0.107065
0.027310,0.000910,73.563063,0.107072
0.027310,0.000860,73.528852,0.105182
0.027310,0.000860,73.362808,0.109398
0.027310,0.000860,73.642362,0.108782
0.027360,0.000860,73.420943,0.108742
0.027400,0.000860,73.427361,0.106367
0.027410,0.000860,73.330321,0.105993
0.027480,0.000860,73.693967,0.105178
0.027480,0.000860,73.601845,0.109194
0.027480,0.000860,73.474463,0.113754
0.027730,0.000860,73.566375,0.107771
0.028030,0.000860,73.713927,0.105546
0.028050,0.000860,73.537449,0.109547
0.028100,0.000860,73.674736,0.113240
0.028160,0.000860,73.515537,0.106091
0.028190,0.000880,73.460134,0.107037
0.028200,0.000890,73.664238,0.108269
0.028230,0.000860,73.643176,0.111242
0.028230,0.000860,73.503117,0.106057
0.028230,0.000860,73.662728,0.108739
0.028330,0.000860,73.610485,0.107230
0.028440,0.000860,73.618400,0.108630
0.028440,0.000860,73.601226,0.106681
0.028490,0.000870,73.660851,0.105799
0.028490,0.000860,73.581798,0.105290
0.028490,0.000860,73.551703,0.105172
0.028490,0.000860,73.659473,0.105411
0.028490,0.000940,73.529173,0.105306
0.028570,0.000860,73.668480,0.107208
0.028580,0.000860,73.519355,0.108338
0.028660,0.000860,73.465021,0.105908
0.028660,0.000870,73.348207,0.107568
0.028730,0.000860,73.528863,0.108531
0.028880,0.000880,73.540853,0.105193
0.028980,0.000860,73.608501,0.106353
0.029020,0.000860,73.451529,0.105172
0.029130,0.000860,73.428300,0.111395
0.029150,0.000860,73.495189,0.105254
0.029170,0.000860,73.472233,0.105178
0.029190,0.000870,73.956803,0.105180
0.029380,0.000860,73.846633,0.109728
0.029380,0.000860,73.437215,0.105269
0.029440,0.000860,73.597946,0.105309
0.029470,0.000860,73.751968,0.110991
0.029490,0.000860,73.478437,0.106611
0.029500,0.000860,73.508204,0.106016
0.029530,0.000860,73.565285,0.105238
0.029560,0.000870,73.492820,0.108233
0.029690,0.000870,73.665571,0.105199
0.029780,0.000860,73.782668,0.108088
0.029780,0.000860,73.442847,0.107407
0.029900,0.000860,73.616358,0.107810
0.029960,0.000860,73.544371,0.105965
0.030120,0.000860,73.369682,0.107171
0.030120,0.000860,73.573730,0.106504
0.030120,0.000860,73.699807,0.105177
0.030230,0.000860,73.564101,0.105791
0.030310,0.000860,73.604271,0.107257
0.030360,0.000880,73.664565,0.107210
0.030470,0.000860,73.528898,0.105470
0.030590,0.000860,73.410180,0.108667
0.030750,0.000870,73.553218,0.105646
0.030760,0.000870,73.625622,0.105519
0.030830,0.000860,73.382001,0.110088
0.030860,0.000870,73.514201,0.105180
0.030910,0.000870,73.372553,0.107272
0.030960,0.000870,73.556901,0.105947
0.031080,0.001780,73.453768,0.112391
0.031080,0.000860,73.430919,0.110783
0.031080,0.000860,73.532486,0.106852
0.031100,0.000860,73.398314,0.105197
0.031140,0.000870,73.657124,0.105571
0.031140,0.000870,73.633707,0.109463
0.031160,0.000860,73.775781,0.105178
0.031170,0.000860,73.498149,0.106319
0.031180,0.000870,73.482043,0.105384
0.031200,0.000870,73.666435,0.107422
0.031200,0.000870,73.556958,0.105267
0.031200,0.000870,73.694331,0.105806
0.031210,0.000860,73.474345,0.111840
0.031210,0.000860,73.640328,0.107390
0.031210,0.000860,73.585197,0.106129
0.031320,0.000860,73.725706,0.108075
0.031430,0.000860,73.704145,0.105198
0.031430,0.000870,73.412508,0.105252
0.031470,0.000860,73.581877,0.106617
0.031480,0.000870,73.681640,0.108050
0.031480,0.000890,73.589465,0.107911
0.031620,0.000860,73.504912,0.109731
0.031620,0.000860,73.718827,0.107679
0.031660,0.000870,73.489057,0.106243
0.031920,0.002180,73.516425,0.105172
0.032010,0.000860,73.681451,0.105231
0.032360,0.000860,73.577635,0.105234
0.032550,0.000860,73.532181,0.107225
0.032600,0.000870,73.389389,0.108439
0.032600,0.000870,73.588174,0.111363
0.032640,0.000860,73.643339,0.106941
0.032640,0.000860,73.425085,0.105755
0.032640,0.000870,73.627048,0.109738
0.032720,0.000880,73.465995,0.106907
0.032720,0.000880,73.474929,0.107857
0.032720,0.000880,73.633034,0.109178
0.032820,0.000980,73.724843,0.108364
0.032890,0.000860,73.367078,0.113350
0.032900,0.000860,73.483515,0.105235
0.032940,0.000880,73.560949,0.108535
0.032960,0.000860,73.331230,0.105200
0.032960,0.000860,73.454146,0.106712
0.032980,0.000870,73.462017,0.116227
0.033330,0.000880,73.699137,0.105449
0.033330,0.000880,73.733960,0.105317
0.033350,0.000860,73.517147,0.106080
0.033410,0.000870,73.650397,0.108107
0.033410,0.000870,73.392756,0.108183
0.033710,0.000860,73.566130,0.107367
0.033730,0.000860,73.405855,0.105271
0.033750,0.000860,73.480669,0.105330
0.033780,0.000860,73.566017,0.106061
0.033930,0.000860,73.675292,0.108334
0.034030,0.000860,73.448561,0.109127
0.034280,0.000860,73.500101,0.107522
0.034280,0.000860,73.709318,0.107178
0.034370,0.000880,73.557991,0.105185
0.034410,0.000860,73.511049,0.105540
0.034510,0.000860,73.731627,0.105172
0.034590,0.000870,73.448415,0.105171
0.034790,0.000860,73.663195,0.106301
0.034910,0.000880,73.335793,0.106422
0.035120,0.000860,73.440090,0.105235
0.035150,0.000880,73.475975,0.105297
0.035160,0.005070,73.861832,0.162542
0.035160,0.005070,73.447119,0.170212
0.035220,0.000880,73.398054,0.105588
0.035290,0.000860,73.516327,0.109345
0.035510,0.000860,73.452922,0.106097
0.035680,0.000860,73.488619,0.106031
0.035760,0.000860,73.552591,0.105277
0.035760,0.000860,73.750615,0.105183
0.035830,0.000860,73.680354,0.106116
0.035850,0.000860,73.337424,0.106492
0.035990,0.000870,73.574547,0.109698
0.036160,0.000930,73.663219,0.107715
0.036240,0.000870,73.560627,0.107356
0.036350,0.000860,73.655876,0.107005
0.036820,0.000880,73.588177,0.106428
0.036820,0.000880,73.623095,0.105967
0.036970,0.000870,73.708167,0.106986
0.037020,0.000860,73.405286,0.105448
0.037020,0.000860,73.460031,0.106735
0.037020,0.000880,73.538486,0.105969
0.037020,0.001000,73.533613,0.106269
0.037050,0.001320,73.446932,0.111132
0.037070,0.000870,73.461799,0.106011
0.037250,0.000880,73.308581,0.106650
0.037250,0.000880,73.415346,0.109962
0.037300,0.000860,73.381054,0.107482
0.037400,0.000870,73.389398,0.105577
0.037530,0.000870,73.670424,0.105810
0.037560,0.000860,73.472865,0.105799
0.037560,0.000860,73.551042,0.105347
0.037870,0.000870,73.396748,0.106435
0.037900,0.000930,73.526555,0.107690
0.037960,0.000870,73.441603,0.106732
0.038180,0.000870,73.464757,0.107624
0.038180,0.000870,73.522785,0.108908
0.038280,0.002180,73.686788,0.110689
0.038340,0.001360,73.458016,0.106092
0.038470,0.000880,73.441182,0.106558
0.038480,0.000870,73.513472,0.106951
0.038730,0.000870,73.628640,0.106514
0.038840,0.000870,73.484155,0.106352
0.039020,0.000880,73.402210,0.105601
0.039090,0.000870,73.590214,0.105374
0.039100,0.001320,73.494244,0.105629
0.040140,0.000870,73.533686,0.107407
0.040350,0.000870,73.652484,0.105328
0.040560,0.000880,73.678497,0.105289
0.040560,0.000880,73.607759,0.105461
0.040770,0.000870,73.469634,0.106168
0.040890,0.000870,73.686500,0.106709
0.040950,0.003120,73.697384,0.129816
0.040990,0.000870,73.645443,0.105171
0.041010,0.000870,73.664588,0.106384
0.041670,0.000870,73.654304,0.105482
0.042220,0.000890,73.482368,0.105283
0.042580,0.005070,73.450169,0.125288
0.042680,0.000870,73.757946,0.105907
0.042680,0.000900,73.458656,0.105187
0.042850,0.000880,73.744061,0.105173
0.042850,0.000880,73.519489,0.105949
0.042890,0.000880,73.651800,0.105173
0.043060,0.000870,73.652431,0.106363
0.043490,0.000880,73.560846,0.105181
0.043490,0.000870,73.664121,0.106137
0.043490,0.000870,73.564821,0.105336
0.043690,0.000870,73.611957,0.106989
0.044080,0.000870,73.462508,0.107181
0.044380,0.000960,73.740144,0.105288
0.044390,0.000870,73.645543,0.106624
0.044400,0.002180,73.665206,0.105319
0.044640,0.000870,73.560499,0.107088
0.044870,0.000870,73.385941,0.107494
0.045210,0.000870,73.527016,0.105574
0.045450,0.000870,73.560166,0.107586
0.045750,0.000870,73.634347,0.106952
0.045750,0.000870,73.466057,0.106475
0.045830,0.000870,73.594195,0.105225
0.045900,0.000870,73.673303,0.105348
0.046250,0.000900,73.677090,0.105459
0.046310,0.000870,73.421635,0.106025
0.046430,0.000880,73.421894,0.105590
0.046560,0.000870,73.454686,0.106594
0.046640,0.000870,73.409149,0.107225
0.046820,0.000880,73.539716,0.105736
0.046820,0.000880,73.694081,0.105587
0.046910,0.000890,73.540475,0.106405
0.047380,0.000870,73.549918,0.105378
0.047600,0.000870,73.527885,0.105564
0.047770,0.000870,73.605858,0.105218
0.047770,0.000870,73.572687,0.105456
0.048190,0.000890,73.516557,0.105368
0.048370,0.000890,73.671916,0.105729
0.048600,0.000870,73.328886,0.105462
0.048650,0.000880,73.583779,0.106152
0.049340,0.000890,73.485625,0.106494
0.049400,0.000870,73.649950,0.105863
0.049440,0.000880,73.639021,0.105250
0.049850,0.000890,73.829105,0.105969
0.049890,0.000940,73.585064,0.105761
0.050180,0.000880,73.549204,0.105172
0.050230,0.000880,73.782940,0.105641
0.050320,0.005080,73.691283,0.114528
0.050440,0.000880,73.725952,0.106438
0.050490,0.000880,73.539790,0.107209
0.050520,0.000890,73.488700,0.105901
0.050660,0.000880,73.514678,0.105982
0.051060,0.000880,73.607491,0.106569
0.051260,0.000880,73.664649,0.106059
0.051510,0.000880,73.520022,0.106395
0.051940,0.000910,73.505199,0.105955
0.052020,0.000890,73.631099,0.105293
0.052020,0.000890,73.458229,0.105667
0.052220,0.000890,73.700601,0.106290
0.052620,0.000880,73.670700,0.105190
0.053090,0.000880,73.396382,0.106926
0.053160,0.000880,73.552874,0.105193
0.053460,0.000880,73.519439,0.105179
0.054680,0.000880,73.579244,0.105186
0.054690,0.000880,73.588014,0.105805
0.055020,0.000880,73.521563,0.106193
0.055410,0.000880,73.379511,0.107113
0.056140,0.000880,73.577797,0.106742
0.056530,0.000880,73.508603,0.105276
0.056930,0.000880,73.581134,0.105325
0.057080,0.000880,73.590740,0.105968
0.057280,0.000880,73.571856,0.105865
0.058240,0.000880,73.362531,0.105484
0.058240,0.000880,73.685983,0.105402
0.058300,0.000890,73.516548,0.105182
0.058860,0.000880,73.538502,0.105380
0.058860,0.000880,73.517102,0.105382
0.059740,0.005080,73.523767,0.109800
0.060920,0.000900,73.522547,0.105601
0.060990,0.000890,73.473307,0.105196
0.060990,0.000890,73.557054,0.105259
0.061210,0.000900,73.579588,0.106617
0.061370,0.000900,73.391596,0.105643
0.061370,0.000900,73.502043,0.105584
0.061530,0.000890,73.436435,0.105808
0.063720,0.000900,73.658268,0.105241
0.063840,0.000890,73.474941,0.105429
0.064460,0.000910,73.529896,0.105698
0.065330,0.000960,73.633632,0.105204
0.066270,0.000890,73.352462,0.105527
0.066540,0.000890,73.668825,0.105440
0.067110,0.000900,73.406850,0.105502
0.067250,0.000890,73.612343,0.105934
0.067860,0.000890,73.545935,0.105956
0.068440,0.001340,73.309731,0.107298
0.068860,0.000890,73.388611,0.105950
0.068970,0.000890,73.555007,0.105844
0.070230,0.000900,73.372812,0.105588
0.070560,0.000890,73.368432,0.107016
0.070560,0.000890,73.608017,0.105178
0.070730,0.000890,73.431907,0.105774
0.070830,0.000910,73.528042,0.105236
0.070890,0.000890,73.768752,0.105185
0.070900,0.010040,73.449237,0.187104
0.070910,0.000890,73.499653,0.105321
0.071160,0.000890,73.574609,0.105177
0.071580,0.000990,73.556170,0.105483
0.071670,0.001340,73.428136,0.106872
0.071930,0.000900,73.500236,0.106586
0.072220,0.000890,73.505121,0.105393
0.072520,0.000930,73.304485,0.107473
0.073930,0.000900,73.610124,0.105173
0.074400,0.000900,73.342473,0.105215
0.074460,0.000900,73.502797,0.105194
0.075200,0.000900,73.737953,0.105328
0.075200,0.000900,73.442390,0.105661
0.075600,0.005080,73.588290,0.105183
0.075750,0.000900,73.458062,0.105980
0.075880,0.001340,73.300978,0.107933
0.078450,0.000940,73.584939,0.105201
0.078590,0.000900,73.675651,0.105172
0.078750,0.000900,73.535668,0.105778
0.078750,0.000900,73.626371,0.105204
0.078950,0.010040,73.601565,0.133381
0.079060,0.000900,73.567136,0.105463
0.079310,0.000900,73.451959,0.106104
0.079910,0.001350,73.576384,0.105549
0.080090,0.000900,73.538640,0.105281
0.081670,0.000900,73.646388,0.105194
0.082450,0.000900,73.689464,0.105198
0.082820,0.000900,73.502029,0.105388
0.083090,0.000920,73.605751,0.105250
0.084100,0.000910,73.448138,0.105657
0.085720,0.000910,73.513261,0.105469
0.087040,0.001030,73.597514,0.105172
0.088700,0.000910,73.585414,0.105317
0.090390,0.000910,73.691336,0.105196
0.090890,0.001350,73.361659,0.107766
0.092050,0.000910,73.494938,0.105491
0.092930,0.010040,73.582705,0.113781
0.099500,0.000960,73.852898,0.105201
0.101650,0.000920,73.528826,0.105640
0.102210,0.001360,73.525438,0.106094
0.102460,0.000920,73.573831,0.106027
0.102940,0.001360,73.498979,0.105280
0.103610,0.000920,73.534967,0.105202
0.103740,0.000920,73.536625,0.105172
0.105070,0.005080,73.611530,0.114569
0.106610,0.000920,73.650844,0.105301
0.107070,0.000920,73.514376,0.105766
0.107110,0.000920,73.494507,0.105245
0.107130,0.001360,73.503932,0.105212
0.107740,0.000920,73.548559,0.105285
0.107940,0.000920,73.512917,0.105264
0.109080,0.000920,73.442301,0.105174
0.110010,0.001360,73.672088,0.105269
0.112590,0.000930,73.432957,0.105735
0.113880,0.000930,73.357824,0.105260
0.116500,0.000930,73.702602,0.105226
0.116530,0.001060,73.550186,0.105182
0.117600,0.000930,73.603392,0.105174
0.117920,0.000930,73.556794,0.105575
0.118180,0.000930,73.723709,0.105296
0.119010,0.001370,73.620296,0.105582
0.120140,0.000930,73.651129,0.105193
0.120580,0.000930,73.433631,0.105248
0.120860,0.010040,73.585051,0.107044
0.122070,0.000940,73.528944,0.105550
0.122310,0.001370,73.390222,0.106068
0.122780,0.000940,73.570055,0.105172
0.123160,0.001060,73.356564,0.105812
0.123570,0.000940,73.499483,0.105183
0.123770,0.001060,73.604090,0.105451
0.123830,0.001370,73.543335,0.105175
0.123930,0.000940,73.438042,0.105238
0.124050,0.005090,73.510312,0.118152
0.124720,0.000940,73.472223,0.105931
0.125600,0.000940,73.296347,0.105635
0.126230,0.000940,73.426768,0.105499
0.127060,0.000940,73.312939,0.105577
0.127100,0.000940,73.401421,0.105271
0.127200,0.001060,73.757337,0.105172
0.127320,0.000940,73.284065,0.105368
0.129200,0.000940,73.476068,0.105219
0.129210,0.000940,73.559846,0.105171
0.129500,0.000940,73.703636,0.105171
0.129580,0.000940,73.584027,0.105361
0.131690,0.000940,73.526074,0.105234
0.132810,0.001380,73.549104,0.105400
0.133660,0.001070,73.650576,0.105267
0.133720,0.000950,73.389341,0.105456
0.134770,0.005090,73.492056,0.108870
0.135350,0.000950,73.700931,0.105198
0.136140,0.001380,73.525495,0.105225
0.136580,0.000950,73.713394,0.105232
0.137000,0.000950,73.331053,0.105521
0.137130,0.000950,73.393575,0.105453
0.137450,0.000950,73.367638,0.105437
0.138220,0.000950,73.474912,0.105409
0.138260,0.001070,73.568418,0.105436
0.138400,0.001380,73.483377,0.105178
0.138510,0.000950,73.404655,0.105376
0.138750,0.001070,73.543767,0.105217
0.138800,0.001380,73.290892,0.105260
0.139550,0.001380,73.411715,0.105573
0.140820,0.000950,73.409892,0.105515
0.141040,0.005090,73.306616,0.106463
0.141230,0.001380,73.622681,0.105523
0.141340,0.001070,73.413103,0.105229
0.143250,0.001080,73.441349,0.105283
0.143450,0.001080,73.289473,0.105897
0.143590,0.001380,73.316034,0.106307
0.144040,0.000950,73.547583,0.105182
0.144230,0.000950,73.530536,0.105267
0.145420,0.000960,73.389656,0.105412
0.146380,0.001080,73.320245,0.105692
0.146520,0.001380,73.526460,0.105207
0.147370,0.001080,73.516068,0.105180
0.147470,0.000960,73.484784,0.105293
0.147710,0.000960,73.481588,0.105175
0.147780,0.001380,73.576224,0.105171
0.148030,0.001080,73.515375,0.105172
0.148060,0.000960,73.433321,0.105237
0.148340,0.001080,73.207157,0.105415
0.148980,0.000960,73.451671,0.105308
0.149400,0.005090,73.518533,0.105333
0.150500,0.001390,73.437619,0.105238
0.150840,0.001390,73.755595,0.105173
0.151950,0.001080,73.629269,0.105184
0.152910,0.000960,73.349804,0.105279
0.153180,0.000960,73.405681,0.105641
0.153360,0.000960,73.649352,0.105242
0.153410,0.000960,73.363758,0.105270
0.153570,0.000960,73.271643,0.105283
0.155110,0.000960,73.445844,0.105209
0.155260,0.000960,73.504334,0.105219
0.155360,0.000960,73.425236,0.105183
0.156010,0.001250,73.409162,0.105291
0.156710,0.000960,73.560599,0.105175
0.158560,0.000970,73.642632,0.105172
0.159210,0.010050,73.695117,0.115037
0.159310,0.001090,73.559211,0.105175
0.159480,0.000970,73.482438,0.105224
0.160040,0.001090,73.356144,0.105322
0.160080,0.000970,73.417340,0.105358
0.160530,0.000970,73.491973,0.105301
0.160610,0.010050,73.472521,0.116072
0.160770,0.000970,73.590296,0.105265
0.161220,0.001390,73.400262,0.106232
0.162360,0.005090,73.446765,0.106947
0.163750,0.001090,73.280068,0.105377
0.164480,0.000970,73.525967,0.105248
0.164710,0.000970,73.419572,0.105439
0.164950,0.000970,73.606316,0.105199
0.166030,0.001090,73.348548,0.105261
0.166060,0.000970,73.308873,0.105243
0.168280,0.001090,73.468482,0.105395
0.169240,0.001400,73.574173,0.105309
0.169710,0.000980,73.695528,0.105201
0.170420,0.000980,73.616334,0.105174
0.171240,0.010050,73.475584,0.120067
0.171690,0.001400,73.245329,0.105502
0.172560,0.001100,73.267576,0.105315
0.172700,0.001100,73.707716,0.105178
0.172970,0.001400,73.667219,0.105180
0.173310,0.000980,73.275504,0.105199
0.173740,0.000980,73.574438,0.105221
0.173780,0.001400,73.281031,0.105271
0.173920,0.000980,73.533623,0.105221
0.174170,0.000980,73.519587,0.105182
0.174200,0.001100,73.370089,0.105418
0.174380,0.001100,73.519340,0.105171
0.174430,0.001100,73.561917,0.105210
0.174440,0.000980,73.551488,0.105209
0.174980,0.000980,73.204176,0.105494
0.176660,0.001100,73.574625,0.105175
0.177130,0.000980,73.437319,0.105208
0.177370,0.001100,73.591946,0.105446
0.177860,0.000980,73.386810,0.105319
0.177910,0.001400,73.498545,0.105443
0.178520,0.000990,73.401706,0.105490
0.179010,0.000980,73.347627,0.105258
0.179110,0.001400,73.406923,0.105173
0.179310,0.000980,73.216846,0.105472
0.179520,0.005100,73.444597,0.108422
0.179730,0.000980,73.376883,0.105291
0.179750,0.001100,73.566377,0.105177
0.180040,0.000980,73.501863,0.105205
0.180500,0.000990,73.689507,0.105202
0.180730,0.001400,73.658210,0.105245
0.180780,0.001400,73.463795,0.105178
0.180820,0.001400,73.474930,0.105443
0.180860,0.010050,73.612280,0.109262
0.180920,0.000990,73.727584,0.105176
0.181260,0.010050,73.423302,0.109741
0.181360,0.000990,73.302974,0.105202
0.181450,0.001100,73.528524,0.105216
0.182170,0.000990,73.537219,0.105186
0.182290,0.000990,73.426830,0.105204
0.182310,0.001110,73.422841,0.105255
0.182520,0.001110,73.566820,0.105174
0.183600,0.001110,73.485018,0.105331
0.183750,0.001110,73.534997,0.105220
0.183890,0.000990,73.475362,0.105210
0.184020,0.000990,73.521493,0.105202
0.184580,0.001110,73.333127,0.105191
0.184590,0.000990,73.522424,0.105235
0.184840,0.000990,73.547495,0.105200
0.184930,0.000990,73.618325,0.105206
0.185060,0.001110,73.330777,0.105459
0.185150,0.000990,73.375098,0.105323
0.185220,0.000990,73.243912,0.105372
0.185270,0.001410,73.392017,0.105187
0.186670,0.000990,73.341747,0.105329
0.187280,0.001110,73.486397,0.105173
0.188090,0.005100,73.671445,0.105251
0.189060,0.000990,73.604540,0.105216
0.189080,0.001110,73.547239,0.105258
0.189290,0.001110,73.377644,0.105243
0.189290,0.000990,73.413780,0.105190
0.189480,0.000990,73.612541,0.105172
0.189520,0.010050,73.467223,0.111368
0.189950,0.000990,73.559098,0.105172
0.190250,0.000990,73.300438,0.105334
0.190420,0.000990,73.313978,0.105189
0.190440,0.000990,73.640245,0.105176
0.194130,0.005100,73.685620,0.105389
0.194340,0.001110,73.276326,0.105449
0.195460,0.001120,73.441308,0.105260
0.195530,0.001120,73.795091,0.105172
0.195570,0.001120,73.577911,0.105253
0.195680,0.001120,73.673489,0.105187
0.196160,0.001410,73.375597,0.105408
0.196210,0.001000,73.558794,0.105190
0.196270,0.001120,73.375600,0.105181
0.196350,0.001120,73.344911,0.105291
0.197330,0.001000,73.708518,0.105171
0.197410,0.001000,73.426755,0.105293
0.197820,0.001120,73.436436,0.105242
0.198170,0.001000,73.561478,0.105219
0.198280,0.005100,73.521990,0.106613
0.198610,0.001120,73.447749,0.105191
0.198770,0.001410,73.264911,0.105359
0.198780,0.001120,73.512499,0.105223
0.199080,0.005100,73.454689,0.108312
0.199530,0.001410,73.672652,0.105175
0.199610,0.001410,73.399686,0.105352
0.199700,0.001410,73.576312,0.105256
0.200770,0.001120,73.625225,0.105171
0.200830,0.010050,73.551253,0.111718
0.200870,0.010050,73.342622,0.111361
0.201280,0.010050,73.343475,0.108501
0.202310,0.001000,73.631364,0.105183
0.202490,0.001120,73.489067,0.105203
0.202790,0.001000,73.461088,0.105174
0.203200,0.001000,73.548092,0.105197
0.203290,0.001010,73.301053,0.105229
0.203310,0.001120,73.476987,0.105250
0.203340,0.001000,73.500942,0.105198
0.203820,0.001020,73.468289,0.105233
0.204690,0.001000,73.409951,0.105228
0.204830,0.001420,73.627892,0.105181
0.205230,0.001120,73.640822,0.105173
0.205620,0.001010,73.626038,0.105235
0.206910,0.001120,73.566215,0.105172
0.207480,0.001010,73.498872,0.105184
0.207510,0.001120,73.328697,0.105275
0.208400,0.001290,73.190637,0.105394
0.208560,0.001010,73.602471,0.105196
0.208680,0.010050,73.360193,0.114992
0.208700,0.001010,73.470174,0.105238
0.208790,0.001420,73.618487,0.105181
0.209480,0.001010,73.540364,0.105190
0.210150,0.001420,73.394498,0.105277
0.210370,0.001010,73.453909,0.105214
0.210840,0.010050,73.254969,0.116962
0.210950,0.001130,73.512059,0.105178
0.211140,0.001010,73.431858,0.105205
0.211340,0.001130,73.753839,0.105173
0.211740,0.001010,73.461268,0.105187
0.212000,0.001130,73.501925,0.105179
0.212250,0.001130,73.421029,0.105180
0.213500,0.001010,73.637232,0.105172
0.213650,0.001010,73.486522,0.105247
0.213980,0.005100,73.421130,0.106062
0.214400,0.001420,73.430117,0.105310
0.215070,0.001130,73.376026,0.105287
0.215210,0.001130,73.444884,0.105290
0.215780,0.001010,73.583826,0.105177
0.216500,0.001420,73.589984,0.105236
0.216890,0.001130,73.470066,0.105289
0.216920,0.005100,73.325081,0.107888
0.217420,0.001020,73.551774,0.105181
0.217940,0.001130,73.338633,0.105258
0.218450,0.001130,73.605767,0.105175
0.218810,0.001130,73.309530,0.105285
0.218970,0.001020,73.498204,0.105331
0.218980,0.001020,73.257134,0.105258
0.218990,0.001130,73.657341,0.105172
0.219410,0.001130,73.459538,0.105182
0.219500,0.001020,73.468220,0.105242
0.219720,0.001430,73.702297,0.105173
0.219780,0.001130,73.584646,0.105171
0.219900,0.001020,73.511541,0.105196
0.220170,0.001130,73.655353,0.105207
0.220660,0.005100,73.598068,0.105196
0.220830,0.001130,73.311568,0.105303
0.221320,0.001430,73.759716,0.105172
0.221320,0.010050,73.396236,0.111021
0.221500,0.001130,73.366565,0.105231
0.222990,0.001020,73.318013,0.105207
0.223490,0.001020,73.543176,0.105186
0.223850,0.001430,73.550771,0.105422
0.224490,0.005100,73.522136,0.106045
0.224490,0.001430,73.344816,0.105279
0.224930,0.001140,73.491604,0.105298
0.225420,0.001430,73.318158,0.105290
0.225430,0.001020,73.430340,0.105214
0.225510,0.001140,73.606969,0.105171
0.225780,0.001430,73.454644,0.105232
0.226450,0.001140,73.564481,0.105286
0.227260,0.005100,73.284416,0.108533
0.228180,0.001140,73.541096,0.105242
0.228650,0.001430,73.519314,0.105237
0.229280,0.001030,73.520278,0.105196
0.229780,0.001030,73.572114,0.105174
0.230200,0.005100,73.517503,0.105856
0.230410,0.001430,73.738857,0.105174
0.230820,0.001430,73.357042,0.105195
0.230860,0.001140,73.560592,0.105181
0.230920,0.010050,73.464102,0.106016
0.231250,0.001030,73.521051,0.105213
0.231620,0.001430,73.085473,0.105402
0.231640,0.001140,73.411616,0.105210
0.232050,0.001140,73.296651,0.105310
0.232820,0.005100,73.379596,0.108362
0.233670,0.001140,73.626841,0.105276
0.233780,0.001430,73.643572,0.105171
0.233910,0.001140,73.476058,0.105208
0.233950,0.001030,73.411136,0.105173
0.234720,0.001440,73.353698,0.105332
0.234810,0.001140,73.651336,0.105246
0.234940,0.001140,73.492280,0.105182
0.235200,0.005100,73.806214,0.105509
0.235560,0.001030,73.649937,0.105172
0.236390,0.001030,73.748941,0.105185
0.236620,0.001440,73.493865,0.105370
0.236640,0.001030,73.363336,0.105209
0.236850,0.001030,73.323576,0.105176
0.236930,0.001030,73.390319,0.105232
0.237210,0.001150,73.538138,0.105399
0.237460,0.001040,73.421447,0.105231
0.237890,0.001030,73.538505,0.105186
0.239500,0.010050,73.519312,0.106529
0.239810,0.001200,73.477432,0.105207
0.240200,0.010050,73.377118,0.109222
0.240850,0.001440,73.373831,0.105296
0.241220,0.001440,73.667678,0.105181
0.241510,0.001440,73.338195,0.105370
0.241640,0.001150,73.429709,0.105223
0.242200,0.001040,73.246425,0.105239
0.242800,0.001040,73.514153,0.105173
0.242840,0.001440,73.483969,0.105318
0.243290,0.001040,73.367593,0.105243
0.243540,0.001040,73.555201,0.105173
0.244100,0.005110,73.224131,0.106985
0.244440,0.001040,73.556756,0.105265
0.244590,0.001150,73.567361,0.105219
0.245110,0.001440,73.526585,0.105211
0.245230,0.001440,73.400402,0.105218
0.245530,0.001040,73.560652,0.105173
0.245850,0.001440,73.466212,0.105259
0.246170,0.001040,73.439840,0.105174
0.246500,0.001040,73.441894,0.105184
0.246560,0.001040,73.456975,0.105180
0.246600,0.001440,73.483999,0.105181
0.247110,0.001150,73.410783,0.105240
0.248460,0.001040,73.572958,0.105202
0.248600,0.010050,73.484680,0.108731
0.248610,0.010050,73.462244,0.106095
0.248620,0.010050,73.658977,0.105782
0.248650,0.001040,73.583218,0.105188
0.248960,0.001040,73.544763,0.105173
0.249090,0.001440,73.574885,0.105184
0.249720,0.001160,73.421348,0.105220
0.249830,0.001160,73.762625,0.105172
0.249860,0.001040,73.652766,0.105172
0.250190,0.010050,73.299537,0.113951
0.250220,0.010050,73.502541,0.109107
0.250430,0.001040,73.413357,0.105175
0.250510,0.001160,73.457801,0.105210
0.250630,0.001440,73.303085,0.105374
0.250900,0.005110,73.422846,0.105831
0.251990,0.001040,73.322000,0.105188
0.252600,0.001450,73.380859,0.105298
0.252600,0.001160,73.391555,0.105264
0.253300,0.001450,73.120841,0.105410
0.253580,0.001160,73.439252,0.105193
0.254070,0.005110,73.573687,0.105307
0.256160,0.001160,73.563673,0.105172
0.256200,0.001050,73.854109,0.105174
0.256370,0.001050,73.849687,0.105179
0.256830,0.001050,73.445026,0.105191
0.257310,0.001160,73.455948,0.105240
0.257360,0.001050,73.272469,0.105187
0.257720,0.001050,73.353199,0.105262
0.258130,0.001160,73.339579,0.105395
0.258590,0.010050,73.264013,0.118825
0.258650,0.001160,73.076883,0.105393
0.259040,0.005110,73.181272,0.106839
0.259190,0.005110,73.498929,0.106144
0.259230,0.005110,73.399832,0.106935
0.259480,0.001160,73.571795,0.105172
0.259520,0.005110,73.372499,0.106256
0.260620,0.001450,73.692938,0.105202
0.260940,0.010060,73.246697,0.109538
0.261410,0.001050,73.538544,0.105175
0.261620,0.001160,73.471418,0.105196
0.261720,0.001050,73.531250,0.105178
0.261730,0.001160,73.166148,0.105308
0.261750,0.001050,73.410202,0.105230
0.261840,0.001050,73.222180,0.105219
0.262000,0.001170,73.355963,0.105222
0.263030,0.005110,73.380479,0.106007
0.263230,0.001450,73.535026,0.105183
0.263600,0.001170,73.678224,0.105171
0.263930,0.001450,73.624802,0.105172
0.263970,0.001450,73.599118,0.105188
0.264080,0.001050,73.470966,0.105266
0.264190,0.001170,73.400027,0.105285
0.264600,0.001450,73.570924,0.105172
0.264630,0.001050,73.647164,0.105174
0.265820,0.005110,73.522389,0.105273
0.265830,0.001170,73.497155,0.105190
0.266400,0.001170,73.502371,0.105234
0.267000,0.001060,73.283462,0.105303
0.267910,0.001170,73.196851,0.105215
0.268180,0.001460,73.643470,0.105171
0.268590,0.010060,73.052978,0.121523
0.268600,0.001460,73.511532,0.105281
0.268870,0.001170,73.235699,0.105364
0.270200,0.010060,73.375669,0.108077
0.270210,0.001060,73.477630,0.105173
0.270570,0.001460,73.650789,0.105199
0.270940,0.001460,73.556443,0.105200
0.271410,0.001460,73.392359,0.105198
0.272760,0.001170,73.721766,0.105195
0.273510,0.001070,73.211636,0.105213
0.274560,0.001460,73.465154,0.105182
0.275090,0.001460,73.576791,0.105240
0.275160,0.001460,73.441658,0.105227
0.275850,0.001070,73.249911,0.105262
0.276310,0.001060,73.127147,0.105266
0.276680,0.001070,73.315310,0.105208
0.277760,0.005110,72.980961,0.111017
0.277820,0.001180,73.272028,0.105243
0.279350,0.001070,73.593746,0.105204
0.279900,0.001070,73.566601,0.105171
0.279950,0.001460,73.618161,0.105172
0.280600,0.001460,73.539366,0.105172
0.281320,0.001180,73.606178,0.105183
0.282070,0.005110,73.506016,0.106368
0.282660,0.001070,73.547100,0.105175
0.283440,0.001070,73.622419,0.105174
0.284050,0.001470,73.303379,0.105231
0.284460,0.001070,73.340306,0.105208
0.284460,0.001070,73.513832,0.105240
0.284780,0.001180,73.556945,0.105173
0.285570,0.001470,73.642239,0.105173
0.285880,0.001470,73.632234,0.105175
0.286650,0.001080,73.489785,0.105175
0.287340,0.001070,73.609873,0.105173
0.287580,0.001070,73.369119,0.105206
0.287750,0.005110,73.343266,0.106679
0.288140,0.001180,73.176961,0.105250
0.288440,0.001180,73.330110,0.105215
0.288540,0.001470,73.396823,0.105298
0.288940,0.005110,73.341911,0.106487
0.289010,0.001080,73.276440,0.105198
0.289050,0.005110,73.542053,0.105215
0.289070,0.005110,73.262804,0.107777
0.289490,0.010060,73.353422,0.107935
0.289950,0.001190,73.418903,0.105182
0.290080,0.001470,73.488497,0.105216
0.290450,0.001190,73.454289,0.105303
0.291230,0.001080,73.403014,0.105196
0.291930,0.001190,73.470698,0.105241
0.291960,0.001190,73.128168,0.105252
0.292150,0.001080,73.538606,0.105183
0.292210,0.001470,73.450400,0.105207
0.292510,0.005110,73.232726,0.106119
0.292560,0.001470,73.366964,0.105227
0.292930,0.001470,73.390246,0.105218
0.292980,0.001470,73.408727,0.105196
0.293650,0.001080,73.186727,0.105313
0.295040,0.005120,73.599428,0.105192
0.295800,0.001080,73.378776,0.105221
0.295870,0.001470,73.494612,0.105183
0.296470,0.001080,73.532430,0.105172
0.296920,0.001080,73.399968,0.105238
0.296950,0.001190,73.328786,0.105274
0.298530,0.010060,73.164846,0.107923
0.298550,0.010060,73.495292,0.105617
0.298930,0.001190,73.474898,0.105193
0.299330,0.001080,73.466601,0.105202
0.299450,0.001470,73.509842,0.105204
0.299470,0.001080,73.427600,0.105178
0.300200,0.001470,73.366901,0.105230
0.300300,0.001190,73.466837,0.105171
0.300890,0.001480,73.412440,0.105177
0.301420,0.010060,73.538060,0.105514
0.301520,0.001480,73.675431,0.105176
0.302510,0.001480,73.251026,0.105328
0.303040,0.001200,73.143384,0.105384
0.303520,0.001480,73.383588,0.105230
0.303650,0.001090,73.359596,0.105205
0.304040,0.005120,73.511338,0.105384
0.304060,0.001090,73.232776,0.105189
0.304760,0.001200,73.059628,0.105360
0.304860,0.001200,73.502804,0.105186
0.305260,0.001200,73.460490,0.105198
0.305380,0.001480,73.493813,0.105292
0.305480,0.001480,73.574341,0.105173
0.305810,0.001480,73.378854,0.105222
0.306520,0.001480,73.106677,0.105293
0.306810,0.001480,73.378453,0.105214
0.306910,0.001200,73.452275,0.105224
0.308180,0.001480,73.586827,0.105175
0.308340,0.001090,73.198811,0.105239
0.308780,0.001200,73.489528,0.105189
0.309220,0.001200,73.498913,0.105177
0.309380,0.001200,73.282553,0.105219
0.309490,0.001090,73.324130,0.105172
0.309620,0.001200,73.425544,0.105199
0.310520,0.001200,73.519116,0.105187
0.310610,0.001200,73.795345,0.105194
0.310880,0.010060,73.506225,0.105197
0.311440,0.001480,73.228180,0.105277
0.311790,0.001200,73.148991,0.105204
0.312030,0.001200,73.605372,0.105173
0.312620,0.001200,73.600550,0.105176
0.312670,0.001200,73.495820,0.105172
0.312700,0.001200,73.445183,0.105173
0.312960,0.001200,73.346274,0.105180
0.313030,0.001200,73.546071,0.105185
0.313870,0.001100,73.592085,0.105183
0.314530,0.001480,73.193070,0.105329
0.315060,0.001100,73.264866,0.105196
0.315200,0.005120,73.373450,0.105720
0.315880,0.001480,73.360966,0.105254
0.315930,0.001100,73.609234,0.105172
0.316230,0.001210,73.325996,0.105204
0.317820,0.001490,73.504116,0.105192
0.318040,0.001210,73.345877,0.105212
0.318220,0.001490,73.239090,0.105359
0.318500,0.001490,73.609080,0.105172
0.319010,0.010060,73.339898,0.109607
0.319010,0.010060,73.404495,0.105178
0.320960,0.001490,73.313226,0.105222
0.321040,0.001490,73.159429,0.105369
0.321180,0.005120,73.255064,0.106860
0.322060,0.001490,73.531587,0.105172
0.322230,0.001210,73.528653,0.105202
0.322230,0.001210,73.243449,0.105204
0.322760,0.005120,73.775644,0.105352
0.324460,0.001490,73.232685,0.105265
0.325480,0.001490,73.510961,0.105181
0.325600,0.001490,73.244984,0.105241
0.325800,0.001110,73.351863,0.105190
0.325810,0.001210,73.422038,0.105217
0.326320,0.001210,73.599576,0.105175
0.328040,0.001110,73.581176,0.105173
0.328420,0.001490,73.506315,0.105179
0.328480,0.010060,73.702808,0.105934
0.328510,0.001490,73.487932,0.105218
0.328680,0.001220,73.449421,0.105198
0.328680,0.001220,73.029804,0.105285
0.328710,0.005120,73.225234,0.106381
0.329070,0.001220,73.229791,0.105241
0.329410,0.001110,73.628877,0.105174
0.329520,0.001490,73.227398,0.105239
0.329680,0.001220,73.138441,0.105249
0.329950,0.001110,73.513881,0.105175
0.330470,0.001490,73.329788,0.105196
0.330560,0.001220,73.419094,0.105197
0.330630,0.001220,73.300995,0.105215
0.330890,0.001490,73.520104,0.105181
0.330900,0.010060,73.287252,0.111219
0.331030,0.001490,73.491806,0.105175
0.331470,0.010060,73.424073,0.105772
0.331470,0.001220,73.188447,0.105179
0.331470,0.001490,73.376472,0.105192
0.331890,0.001490,73.436613,0.105193
0.332370,0.001220,73.631397,0.105183
0.332980,0.001500,73.350940,0.105218
0.333500,0.001220,73.669189,0.105172
0.333500,0.001220,73.206428,0.105245
0.334500,0.001110,73.526212,0.105177
0.334980,0.001500,73.264140,0.105193
0.335100,0.001220,73.310419,0.105264
0.336710,0.001220,73.611602,0.105177
0.337490,0.001500,73.666949,0.105172
0.337510,0.001500,73.420105,0.105171
0.337620,0.001500,73.565557,0.105174
0.337780,0.001220,73.510735,0.105215
0.338180,0.001500,73.513100,0.105279
0.338480,0.001500,73.346066,0.105201
0.338970,0.001220,73.608434,0.105177
0.340610,0.001500,73.495284,0.105176
0.340980,0.001500,73.142227,0.105407
0.341110,0.005120,72.783018,0.109383
0.341690,0.001230,73.394004,0.105189
0.344460,0.005120,73.895102,0.105337
0.344480,0.001500,73.354750,0.105184
0.344870,0.001230,73.279630,0.105246
0.345450,0.001500,73.467323,0.105193
0.346020,0.001500,73.210489,0.105266
0.346960,0.001500,73.664325,0.105176
0.347170,0.001500,73.258590,0.105231
0.348810,0.001500,73.514885,0.105174
0.349100,0.001510,73.410555,0.105181
0.349120,0.001230,73.325949,0.105178
0.349320,0.001510,73.193470,0.105219
0.349390,0.001510,73.378601,0.105201
0.349490,0.001510,73.342442,0.105179
0.349490,0.001510,73.601779,0.105182
0.349490,0.010060,73.300517,0.107189
0.349680,0.001230,73.506757,0.105175
0.350150,0.001230,73.215034,0.105226
0.350590,0.001510,73.450529,0.105276
0.350990,0.001510,73.381729,0.105178
0.351490,0.010060,73.148331,0.112284
0.351490,0.001510,73.340044,0.105228
0.353720,0.001510,73.377289,0.105221
0.355190,0.001200,73.453701,0.105186
0.357740,0.001130,73.534493,0.105178
0.358000,0.001240,73.226740,0.105223
0.358420,0.001330,73.155584,0.105229
0.358500,0.001510,73.553953,0.105192
0.359090,0.005130,73.212901,0.105577
0.359090,0.001510,73.504019,0.105173
0.359460,0.005130,73.251698,0.105493
0.360170,0.001510,73.525414,0.105172
0.360340,0.001510,73.355013,0.105235
0.360910,0.010060,73.128065,0.112355
0.361470,0.001510,73.640363,0.105176
0.362800,0.001240,73.482795,0.105176
0.363250,0.001240,73.476762,0.105186
0.364990,0.001520,73.493926,0.105222
0.366230,0.001520,73.569100,0.105180
0.366560,0.001520,73.366578,0.105185
0.367130,0.001240,73.374411,0.105185
0.367900,0.001520,73.264581,0.105254
0.367990,0.001520,73.467901,0.105182
0.368390,0.001250,73.220756,0.105181
0.368570,0.001250,73.443769,0.105189
0.369620,0.001140,73.245387,0.105218
0.369870,0.001140,73.032461,0.105264
0.370230,0.010070,73.439047,0.105552
0.370520,0.001520,73.552088,0.105208
0.370530,0.001520,73.398462,0.105193
0.370570,0.001140,73.137619,0.105267
0.370620,0.010070,73.432194,0.105767
0.370620,0.001520,73.506627,0.105200
0.370950,0.001520,73.775959,0.105171
0.371380,0.001250,73.464107,0.105210
0.371530,0.001520,73.371463,0.105230
0.371530,0.001520,73.223453,0.105234
0.373530,0.001520,73.399070,0.105187
0.374360,0.001150,73.346839,0.105208
0.376760,0.001250,73.464134,0.105193
0.378050,0.001250,73.474160,0.105185
0.378520,0.001520,73.575438,0.105179
0.379910,0.001250,73.618165,0.105186
0.379970,0.001520,73.425954,0.105183
0.380610,0.010070,73.492221,0.105476
0.380920,0.001530,73.580335,0.105177
0.381290,0.001260,73.812133,0.105178
0.381530,0.001530,73.376607,0.105197
0.381850,0.001530,73.229041,0.105220
0.382480,0.001530,73.320451,0.105235
0.382910,0.001260,73.545070,0.105176
0.384020,0.001260,73.013458,0.105324
0.386000,0.001530,73.229585,0.105188
0.386720,0.001260,73.066265,0.105234
0.387440,0.001530,73.026201,0.105268
0.387810,0.001530,73.243454,0.105204
0.388950,0.010070,73.526762,0.105972
0.389490,0.005130,73.432336,0.105520
0.392550,0.001530,73.471514,0.105193
0.395100,0.001270,73.406431,0.105173
0.397060,0.005130,73.312277,0.105308
0.399440,0.001270,73.463475,0.105196
0.400500,0.001540,73.406730,0.105232
0.402210,0.001540,73.291817,0.105200
0.402930,0.001540,73.227685,0.105187
0.403680,0.001270,73.306730,0.105172
0.404630,0.001540,73.378430,0.105186
0.404830,0.001540,73.316355,0.105178
0.405500,0.001540,73.321105,0.105189
0.406460,0.005140,73.409663,0.105355
0.408950,0.005140,73.177020,0.105737
0.409200,0.001280,73.623655,0.105175
0.409350,0.001540,73.557449,0.105179
0.409490,0.001540,73.136694,0.105248
0.410040,0.001540,73.416382,0.105192
0.411230,0.001280,73.006855,0.105221
0.411400,0.001540,73.424745,0.105175
0.411610,0.001540,73.316179,0.105212
0.412660,0.001280,73.369325,0.105177
0.416570,0.001550,73.261292,0.105212
0.418570,0.001550,73.100925,0.105207
0.419360,0.001550,73.234668,0.105207
0.419390,0.001550,73.442676,0.105185
0.419600,0.001290,73.325923,0.105187
0.419650,0.001550,73.330583,0.105185
0.419950,0.001290,73.320937,0.105188
0.420360,0.001550,73.075428,0.105293
0.420880,0.001290,73.561534,0.105171
0.420940,0.001550,73.321658,0.105218
0.421950,0.001290,73.103541,0.105226
0.422470,0.001550,73.637254,0.105173
0.422490,0.001290,73.154773,0.105200
0.423480,0.001550,73.431771,0.105173
0.423600,0.001550,73.141098,0.105235
0.423990,0.001290,73.228167,0.105182
0.424590,0.001290,73.190788,0.105193
0.425680,0.001290,73.621985,0.105177
0.426020,0.001290,73.427894,0.105183
0.427000,0.001550,73.645479,0.105179
0.427030,0.001550,73.258163,0.105211
0.427930,0.001550,73.414709,0.105175
0.428590,0.001560,73.376320,0.105189
0.428950,0.010070,73.187721,0.106475
0.429030,0.005140,73.535496,0.105397
0.429760,0.001560,73.061838,0.105216
0.430200,0.001560,73.088656,0.105259
0.434940,0.001560,73.290406,0.105195
0.435460,0.001560,73.643788,0.105173
0.436830,0.001560,73.436623,0.105177
0.437600,0.001300,73.014942,0.105242
0.437830,0.001300,73.237842,0.105257
0.438900,0.005140,73.524260,0.105179
0.438910,0.001560,73.324850,0.105208
0.439350,0.001560,72.941155,0.105258
0.440130,0.001560,73.323224,0.105224
0.440670,0.010070,73.672469,0.105798
0.441490,0.001300,73.232408,0.105217
0.442450,0.005140,73.113227,0.106261
0.442630,0.001560,73.842614,0.105172
0.443610,0.001570,73.328697,0.105190
0.443910,0.005140,73.330461,0.105638
0.447640,0.001570,73.318094,0.105226
0.448860,0.005140,73.211868,0.105492
0.448910,0.005140,72.990686,0.106627
0.450680,0.001570,73.469251,0.105181
0.451060,0.010070,73.556918,0.105267
0.451620,0.010070,73.350223,0.105835
0.451620,0.001570,73.068430,0.105238
0.451630,0.001570,73.639322,0.105172
0.452180,0.001310,73.531061,0.105176
0.453280,0.001310,73.437288,0.105172
0.453460,0.005140,73.384929,0.105202
0.454580,0.001310,73.460921,0.105181
0.454770,0.001310,73.146476,0.105229
0.458850,0.005150,73.765273,0.105215
0.460640,0.010070,73.175165,0.106303
0.461040,0.010070,73.163452,0.108667
0.461640,0.001580,73.204777,0.105196
0.466430,0.001580,73.446341,0.105184
0.466540,0.001580,73.447506,0.105184
0.468420,0.010070,73.762838,0.105171
0.468870,0.001320,73.335533,0.105197
0.470420,0.001580,73.278386,0.105187
0.470650,0.010070,73.213157,0.106884
0.471630,0.001580,73.380217,0.105198
0.472040,0.005150,73.472087,0.105174
0.475650,0.001590,73.496715,0.105176
0.477860,0.001590,73.388256,0.105192
0.479410,0.010080,73.367320,0.105567
0.479460,0.005150,73.348402,0.105703
0.479880,0.001590,73.236327,0.105212
0.480640,0.010080,73.529876,0.105389
0.480650,0.001590,73.432469,0.105220
0.481640,0.001590,73.402789,0.105174
0.488880,0.010080,73.195678,0.106189
0.492440,0.001340,73.152004,0.105225
0.494990,0.001340,73.366472,0.105196
0.495660,0.001340,73.261512,0.105209
0.495790,0.001260,73.377804,0.105201
0.497390,0.001600,73.476325,0.105181
0.500670,0.001600,73.299883,0.105190
0.500980,0.001600,73.623179,0.105174
0.502820,0.001350,73.311117,0.105178
0.502850,0.001600,73.075171,0.105218
0.503060,0.001600,73.651436,0.105172
0.503160,0.001350,73.433746,0.105178
0.505930,0.001350,73.615531,0.105172
0.506150,0.001350,73.288540,0.105180
0.507250,0.001610,73.550374,0.105177
0.507390,0.001610,73.517722,0.105194
0.508250,0.001610,73.228810,0.105185
0.510160,0.001610,73.031337,0.105206
0.510950,0.001610,73.296651,0.105219
0.511690,0.010080,73.551762,0.105325
0.513870,0.001610,73.067583,0.105204
0.514370,0.001360,73.453738,0.105175
0.514690,0.001610,73.141287,0.105203
0.517260,0.001360,73.471607,0.105172
0.518830,0.005160,73.237489,0.105509
0.518850,0.010080,72.952672,0.107282
0.519410,0.001610,73.955596,0.105184
0.519680,0.001610,73.142582,0.105222
0.522710,0.001620,73.273512,0.105210
0.524000,0.005160,72.995308,0.105552
0.526200,0.001370,73.658387,0.105171
0.528590,0.001620,73.137578,0.105198
0.529370,0.005160,73.303486,0.105328
0.530990,0.001620,73.211654,0.105194
0.531110,0.001620,73.246723,0.105193
0.531240,0.001370,73.057201,0.105202
0.532250,0.001370,73.551864,0.105172
0.532710,0.001620,73.362384,0.105181
0.533720,0.001620,73.672703,0.105173
0.534350,0.001620,73.645761,0.105172
0.535340,0.001620,73.346434,0.105203
0.535720,0.001620,73.592814,0.105171
0.539420,0.005160,73.354518,0.105224
0.540970,0.001630,73.073558,0.105228
0.541520,0.001380,73.581400,0.105172
0.545450,0.001630,73.547953,0.105171
0.548340,0.010080,73.271969,0.105821
0.548810,0.005160,73.013588,0.105486
0.550210,0.001630,73.712219,0.105172
0.550330,0.001630,73.092762,0.105214
0.550460,0.001390,73.168771,0.105185
0.552670,0.001640,72.993008,0.105194
0.553750,0.001640,72.761483,0.105281
0.553840,0.001390,73.390633,0.105180
0.557820,0.001640,73.636212,0.105172
0.558820,0.001640,73.405842,0.105174
0.558820,0.001640,73.346778,0.105181
0.561810,0.001400,73.006912,0.105200
0.562690,0.001400,73.385538,0.105176
0.562830,0.001640,73.497617,0.105184
0.564370,0.001400,73.358157,0.105180
0.564370,0.001400,73.327053,0.105186
0.564370,0.001400,73.359138,0.105177
0.564810,0.001640,73.231434,0.105183
0.568790,0.005170,73.414746,0.105175
0.575420,0.001410,73.294070,0.105198
0.575770,0.001650,73.225900,0.105183
0.576190,0.001650,73.372019,0.105187
0.576680,0.001650,73.305632,0.105191
0.577370,0.001410,73.349789,0.105175
0.578300,0.010090,73.298077,0.105291
0.578310,0.001650,73.476018,0.105175
0.578820,0.010090,73.062208,0.106127
0.578910,0.005170,73.494335,0.105187
0.579670,0.001650,73.524364,0.105176
0.580670,0.010090,73.343591,0.105502
0.580800,0.005170,73.713784,0.105181
0.583010,0.001410,73.152688,0.105183
0.583300,0.001660,73.109084,0.105195
0.583820,0.001660,73.182083,0.105198
0.583820,0.001660,73.612064,0.105176
0.583900,0.005170,72.867132,0.105902
0.585820,0.001660,73.178736,0.105187
0.587300,0.001660,73.079578,0.105218
0.588790,0.010090,73.427596,0.106115
0.590290,0.001660,73.192066,0.105200
0.591790,0.010090,73.068786,0.106276
0.600670,0.010090,73.105266,0.105797
0.601550,0.001430,73.365886,0.105174
0.603280,0.001670,73.644672,0.105171
0.606260,0.001430,73.197206,0.105183
0.608270,0.010090,73.627872,0.105172
0.608760,0.005180,73.647865,0.105177
0.608780,0.005180,73.551336,0.105212
0.609810,0.001670,73.033491,0.105233
0.610710,0.010090,73.201733,0.105625
0.611270,0.001670,73.406481,0.105172
0.611770,0.005180,73.012625,0.105730
0.615770,0.001680,72.955893,0.105246
0.618750,0.005180,73.139200,0.105608
0.619410,0.005180,73.361668,0.105361
0.619830,0.001680,73.428708,0.105182
0.620700,0.010090,73.400283,0.105586
0.621830,0.010090,73.297158,0.105528
0.625250,0.001410,73.771916,0.105171
0.627250,0.001690,73.328999,0.105184
0.630770,0.001690,73.427934,0.105173
0.631830,0.001690,73.333253,0.105197
0.632250,0.001690,73.280705,0.105180
0.633990,0.001450,73.404614,0.105174
0.637770,0.001690,72.702678,0.105277
0.637940,0.001450,73.376983,0.105173
0.638240,0.010090,73.551224,0.105210
0.638730,0.005180,73.334910,0.105204
0.639340,0.005180,72.971951,0.105491
0.641850,0.001700,73.478042,0.105180
0.643110,0.001460,72.820421,0.105213
0.643710,0.001700,73.674004,0.105173
0.643710,0.001700,73.513651,0.105179
0.647700,0.001700,73.376645,0.105176
0.648520,0.001460,73.583622,0.105171
0.648700,0.001700,73.022879,0.105212
0.649620,0.001460,72.663569,0.105224
0.662130,0.001470,73.476071,0.105179
0.664700,0.001710,72.875230,0.105221
0.670720,0.010100,72.904658,0.106332
0.677730,0.001720,73.615929,0.105174
0.681900,0.010100,73.015797,0.105792
0.683720,0.001720,72.778643,0.105213
0.685190,0.001720,73.240635,0.105179
0.688720,0.010100,73.289620,0.105701
0.689350,0.005190,73.100360,0.105406
0.689360,0.005190,73.227007,0.105560
0.690720,0.010100,72.987069,0.106493
0.693180,0.001730,72.960806,0.105209
0.697180,0.001730,73.116124,0.105183
0.698180,0.010100,73.511863,0.105176
0.699180,0.001730,73.048747,0.105201
0.699180,0.001730,73.259101,0.105180
0.699320,0.005200,73.358889,0.105207
0.699920,0.001730,73.184190,0.105190
0.700700,0.001740,73.200567,0.105192
0.701170,0.001740,73.417836,0.105180
0.701920,0.010100,73.529444,0.105180
0.701920,0.001740,73.094694,0.105190
0.715710,0.001750,73.309770,0.105179
0.718740,0.001750,73.267326,0.105174
0.719680,0.001520,73.173701,0.105179
0.719690,0.010100,73.665816,0.105236
0.720150,0.001750,73.461304,0.105177
0.720740,0.001750,73.226506,0.105189
0.726740,0.001750,73.306700,0.105179
0.727740,0.001750,73.478113,0.105173
0.728660,0.005200,73.364314,0.105221
0.730140,0.001760,72.927719,0.105218
0.731610,0.001530,73.123177,0.105196
0.733680,0.001760,73.409849,0.105178
0.733950,0.001760,73.170333,0.105179
0.734950,0.001760,73.666043,0.105175
0.735680,0.001760,73.132762,0.105195
0.735960,0.001760,73.149482,0.105178
0.736750,0.001760,72.850943,0.105203
0.741960,0.001760,73.519387,0.105173
0.742760,0.001760,72.736392,0.105204
0.745730,0.001770,73.243523,0.105191
0.746070,0.001540,73.176703,0.105193
0.749110,0.001770,73.312245,0.105172
0.749300,0.005210,73.614043,0.105172
0.750740,0.010110,73.368508,0.105272
0.758990,0.001780,72.993526,0.105187
0.760760,0.001780,73.294633,0.105172
0.761100,0.001780,73.128787,0.105181
0.761650,0.001780,73.381224,0.105173
0.765660,0.001780,73.307640,0.105177
0.766660,0.001780,73.186654,0.105175
0.766740,0.001780,73.318273,0.105174
0.767090,0.001780,73.769595,0.105179
0.768650,0.001780,73.746995,0.105174
0.769320,0.005210,73.333532,0.105263
0.773090,0.001780,73.317023,0.105180
0.779290,0.005220,72.981003,0.105360
0.788070,0.010110,72.957108,0.106318
0.789070,0.001800,73.261945,0.105179
0.789280,0.005220,73.209354,0.105345
0.796620,0.010110,73.402732,0.105249
0.798630,0.010110,72.930279,0.105722
0.839810,0.005230,73.124170,0.105229
0.839810,0.001610,73.518648,0.105174
0.854820,0.001630,73.552853,0.105172
0.935850,0.005250,73.245043,0.105172
0.974230,0.001720,73.115350,0.105177
1.012420,0.001750,72.814039,0.105186
1.019880,0.001760,72.834082,0.105187
1.020880,0.005280,72.984062,0.105276
1.027890,0.001760,72.760968,0.105188
1.048170,0.001780,73.130508,0.105182
1.120920,0.005300,73.399686,0.105181
1.232250,0.001930,73.032115,0.105177
1.235970,0.001930,73.167674,0.105175
1.299110,0.005350,72.572109,0.105288
1.304100,0.001990,73.155953,0.105173
1.306110,0.001990,72.713124,0.105185
1.313170,0.001990,72.856004,0.105183
1.329100,0.020090,73.308799,0.105192
1.341010,0.005370,73.019889,0.105224
1.351360,0.002020,73.161056,0.105173
1.356080,0.002030,73.512501,0.105171
1.391030,0.005380,72.339659,0.105330
1.416330,0.002080,73.876789,0.105172
1.542900,0.040060,72.541251,0.108546
1.549010,0.002130,73.578459,0.105171
1.615050,0.005450,73.114418,0.105185
1.697060,0.040060,73.207436,0.105526
1.801190,0.020140,74.024664,0.105251
1.911650,0.002630,73.123995,0.105173
2.261370,0.020180,72.739270,0.105358
